Timestamp,Scenario,Episode,Reward,Steps,Success,Entropy,EntropyCoef,MostCommonAction,ActionFrequency
2025-05-03 20:54:57,tiny-hard,1,-49.0,166,Yes,3.2534,0.03,4,0.11
2025-05-03 20:54:58,tiny-hard,2,-225.0,324,Yes,3.2542,0.03,2,0.06
2025-05-03 20:54:58,tiny-hard,3,64.0,103,Yes,3.2546,0.03,2,0.09
2025-05-03 20:54:58,tiny-hard,4,-115.0,226,Yes,3.256,0.03,4,0.08
2025-05-03 20:54:59,tiny-hard,5,-48.0,190,Yes,3.2583,0.03,2,0.08
2025-05-03 20:54:59,tiny-hard,6,42.0,124,Yes,3.2597,0.03,10,0.07
2025-05-03 20:54:59,tiny-hard,7,43.0,108,Yes,3.26,0.03,4,0.06
2025-05-03 20:55:00,tiny-hard,8,-61.0,183,Yes,3.2594,0.03,4,0.08
2025-05-03 20:55:00,tiny-hard,9,-68.0,195,Yes,3.2575,0.03,6,0.09
2025-05-03 20:55:01,tiny-hard,10,9.0,144,Yes,3.2537,0.03,2,0.08
2025-05-03 20:55:01,tiny-hard,11,80.0,87,Yes,3.2529,0.03,12,0.07
2025-05-03 20:55:01,tiny-hard,12,79.0,94,Yes,3.2538,0.03,25,0.1
2025-05-03 20:55:02,tiny-hard,13,-76.0,215,Yes,3.2537,0.03,2,0.07
2025-05-03 20:55:02,tiny-hard,14,-4.0,161,Yes,3.2534,0.03,2,0.09
2025-05-03 20:55:02,tiny-hard,15,124.0,58,Yes,3.2527,0.03,6,0.12
2025-05-03 20:55:03,tiny-hard,16,-47.0,193,Yes,3.2518,0.03,6,0.07
2025-05-03 20:55:03,tiny-hard,17,-5.0,154,Yes,3.2506,0.03,12,0.08
2025-05-03 20:55:03,tiny-hard,18,91.0,85,Yes,3.25,0.03,5,0.08
2025-05-03 20:55:04,tiny-hard,19,84.0,89,Yes,3.2494,0.03,23,0.1
2025-05-03 20:55:04,tiny-hard,20,119.0,58,Yes,3.2485,0.03,18,0.09
2025-05-03 20:55:04,tiny-hard,21,87.0,84,Yes,3.2475,0.03,4,0.08
2025-05-03 20:55:04,tiny-hard,22,12.0,137,Yes,3.2464,0.03,23,0.1
2025-05-03 20:55:05,tiny-hard,23,37.0,130,Yes,3.2458,0.03,19,0.08
2025-05-03 20:55:05,tiny-hard,24,52.0,118,Yes,3.2455,0.03,2,0.08
2025-05-03 20:55:05,tiny-hard,25,89.0,81,Yes,3.2449,0.03,12,0.11
2025-05-03 20:55:05,tiny-hard,26,50.0,117,Yes,3.2445,0.03,5,0.09
2025-05-03 20:55:06,tiny-hard,27,-14.0,173,Yes,3.244,0.03,12,0.08
2025-05-03 20:55:06,tiny-hard,28,12.0,130,Yes,3.2449,0.03,4,0.06
2025-05-03 20:55:06,tiny-hard,29,-74.0,215,Yes,3.2397,0.03,23,0.09
2025-05-03 20:55:07,tiny-hard,30,-15.0,161,Yes,3.2401,0.03,19,0.09
2025-05-03 20:55:07,tiny-hard,31,-24.0,177,Yes,3.2387,0.03,9,0.08
2025-05-03 20:55:07,tiny-hard,32,109.0,74,Yes,3.2382,0.03,2,0.08
2025-05-03 20:55:08,tiny-hard,33,-16.0,164,Yes,3.2383,0.03,10,0.08
2025-05-03 20:55:08,tiny-hard,34,33.0,140,Yes,3.2367,0.03,10,0.1
2025-05-03 20:55:08,tiny-hard,35,68.0,103,Yes,3.2352,0.03,12,0.16
2025-05-03 20:55:09,tiny-hard,36,62.0,110,Yes,3.2328,0.03,19,0.08
2025-05-03 20:55:09,tiny-hard,37,91.0,84,Yes,3.2339,0.03,23,0.11
2025-05-03 20:55:09,tiny-hard,38,-43.0,195,Yes,3.2353,0.03,2,0.1
2025-05-03 20:55:10,tiny-hard,39,-51.0,193,Yes,3.2406,0.03,18,0.07
2025-05-03 20:55:10,tiny-hard,40,28.0,131,Yes,3.2362,0.03,16,0.08
2025-05-03 20:55:10,tiny-hard,41,36.0,119,Yes,3.2327,0.03,7,0.09
2025-05-03 20:55:11,tiny-hard,42,7.0,153,Yes,3.2317,0.03,12,0.12
2025-05-03 20:55:11,tiny-hard,43,95.0,83,Yes,3.2335,0.03,23,0.11
2025-05-03 20:55:11,tiny-hard,44,-7.0,167,Yes,3.2283,0.03,12,0.08
2025-05-03 20:55:11,tiny-hard,45,-3.0,151,Yes,3.2279,0.03,4,0.08
2025-05-03 20:55:12,tiny-hard,46,99.0,77,Yes,3.2263,0.03,2,0.1
2025-05-03 20:55:12,tiny-hard,47,98.0,75,Yes,3.2221,0.03,10,0.11
2025-05-03 20:55:12,tiny-hard,48,40.0,121,Yes,3.2292,0.03,2,0.07
2025-05-03 20:55:12,tiny-hard,49,1.0,150,Yes,3.2244,0.03,23,0.1
2025-05-03 20:55:13,tiny-hard,50,64.0,103,Yes,3.2328,0.03,18,0.12
2025-05-03 20:55:13,tiny-hard,51,163.0,26,Yes,3.2265,0.03,11,0.15
2025-05-03 20:55:13,tiny-hard,52,44.0,122,Yes,3.2159,0.03,23,0.13
2025-05-03 20:55:13,tiny-hard,53,77.0,97,Yes,3.2202,0.03,3,0.09
2025-05-03 20:55:13,tiny-hard,54,61.0,108,Yes,3.2201,0.03,10,0.09
2025-05-03 20:55:14,tiny-hard,55,69.0,97,Yes,3.2189,0.03,10,0.09
2025-05-03 20:55:14,tiny-hard,56,67.0,104,Yes,3.2314,0.03,2,0.09
2025-05-03 20:55:14,tiny-hard,57,102.0,74,Yes,3.2209,0.03,6,0.14
2025-05-03 20:55:15,tiny-hard,58,-16.0,182,Yes,3.2183,0.03,16,0.08
2025-05-03 20:55:15,tiny-hard,59,136.0,52,Yes,3.229,0.03,23,0.13
2025-05-03 20:55:15,tiny-hard,60,-29.0,172,Yes,3.2186,0.03,23,0.1
2025-05-03 20:55:15,tiny-hard,61,113.0,67,Yes,3.222,0.03,12,0.1
2025-05-03 20:55:16,tiny-hard,62,140.0,46,Yes,3.2165,0.03,16,0.11
2025-05-03 20:55:16,tiny-hard,63,68.0,108,Yes,3.2294,0.03,23,0.1
2025-05-03 20:55:17,tiny-hard,64,-215.0,328,Yes,3.2115,0.03,12,0.1
2025-05-03 20:55:17,tiny-hard,65,76.0,96,Yes,3.2068,0.03,23,0.15
2025-05-03 20:55:18,tiny-hard,66,15.0,152,Yes,3.2076,0.03,16,0.08
2025-05-03 20:55:18,tiny-hard,67,19.0,136,Yes,3.2098,0.03,23,0.1
2025-05-03 20:55:18,tiny-hard,68,121.0,63,Yes,3.2153,0.03,5,0.08
2025-05-03 20:55:19,tiny-hard,69,68.0,101,Yes,3.202,0.03,6,0.08
2025-05-03 20:55:19,tiny-hard,70,160.0,28,Yes,3.2021,0.03,1,0.11
2025-05-03 20:55:19,tiny-hard,71,58.0,101,Yes,3.1981,0.03,23,0.12
2025-05-03 20:55:20,tiny-hard,72,72.0,92,Yes,3.2045,0.03,12,0.09
2025-05-03 20:55:20,tiny-hard,73,42.0,114,Yes,3.2052,0.03,23,0.1
2025-05-03 20:55:20,tiny-hard,74,105.0,74,Yes,3.2047,0.03,26,0.12
2025-05-03 20:55:21,tiny-hard,75,100.0,78,Yes,3.2128,0.03,23,0.12
2025-05-03 20:55:21,tiny-hard,76,13.0,144,Yes,3.198,0.03,23,0.08
2025-05-03 20:55:22,tiny-hard,77,-133.0,254,Yes,3.1941,0.03,23,0.09
2025-05-03 20:55:22,tiny-hard,78,49.0,128,Yes,3.186,0.03,23,0.1
2025-05-03 20:55:22,tiny-hard,79,58.0,113,Yes,3.1823,0.03,16,0.12
2025-05-03 20:55:23,tiny-hard,80,-6.0,169,Yes,3.1889,0.03,23,0.09
2025-05-03 20:55:23,tiny-hard,81,110.0,66,Yes,3.1896,0.03,6,0.12
2025-05-03 20:55:24,tiny-hard,82,110.0,65,Yes,3.181,0.03,23,0.12
2025-05-03 20:55:25,tiny-hard,83,-116.0,257,Yes,3.1848,0.03,23,0.14
2025-05-03 20:55:25,tiny-hard,84,145.0,43,Yes,3.1897,0.03,23,0.16
2025-05-03 20:55:25,tiny-hard,85,51.0,112,Yes,3.1926,0.03,12,0.07
2025-05-03 20:55:25,tiny-hard,86,157.0,35,Yes,3.193,0.03,23,0.11
2025-05-03 20:55:26,tiny-hard,87,42.0,118,Yes,3.193,0.03,23,0.08
2025-05-03 20:55:27,tiny-hard,88,32.0,134,Yes,3.1943,0.03,2,0.08
2025-05-03 20:55:28,tiny-hard,89,25.0,132,Yes,3.1971,0.03,23,0.09
2025-05-03 20:55:28,tiny-hard,90,129.0,57,Yes,3.2079,0.03,16,0.14
2025-05-03 20:55:28,tiny-hard,91,-13.0,160,Yes,3.2003,0.03,23,0.09
2025-05-03 20:55:28,tiny-hard,92,115.0,69,Yes,3.198,0.03,23,0.12
2025-05-03 20:55:29,tiny-hard,93,85.0,79,Yes,3.1993,0.03,23,0.13
2025-05-03 20:55:29,tiny-hard,94,54.0,111,Yes,3.2051,0.03,2,0.12
2025-05-03 20:55:29,tiny-hard,95,22.0,144,Yes,3.1937,0.03,23,0.14
2025-05-03 20:55:30,tiny-hard,96,-86.0,223,Yes,3.1954,0.03,23,0.11
2025-05-03 20:55:30,tiny-hard,97,83.0,91,Yes,3.1969,0.03,2,0.19
2025-05-03 20:55:30,tiny-hard,98,86.0,76,Yes,3.1977,0.03,4,0.11
2025-05-03 20:55:30,tiny-hard,99,136.0,55,Yes,3.1944,0.03,10,0.13
2025-05-03 20:55:30,tiny-hard,100,125.0,53,Yes,3.1961,0.03,2,0.09
2025-05-03 20:55:31,tiny-hard,101,6.0,147,Yes,3.195,0.03,2,0.08
2025-05-03 20:55:31,tiny-hard,102,50.0,115,Yes,3.1938,0.03,2,0.11
2025-05-03 20:55:31,tiny-hard,103,127.0,60,Yes,3.195,0.03,23,0.12
2025-05-03 20:55:31,tiny-hard,104,52.0,115,Yes,3.1915,0.03,23,0.09
2025-05-03 20:55:32,tiny-hard,105,83.0,93,Yes,3.1893,0.03,7,0.11
2025-05-03 20:55:32,tiny-hard,106,69.0,98,Yes,3.1891,0.03,10,0.09
2025-05-03 20:55:32,tiny-hard,107,-31.0,174,Yes,3.1863,0.03,23,0.07
2025-05-03 20:55:33,tiny-hard,108,66.0,102,Yes,3.1846,0.03,16,0.15
2025-05-03 20:55:33,tiny-hard,109,42.0,125,Yes,3.1824,0.03,16,0.12
2025-05-03 20:55:33,tiny-hard,110,-53.0,199,Yes,3.1821,0.03,23,0.09
2025-05-03 20:55:33,tiny-hard,111,82.0,91,Yes,3.1794,0.03,23,0.08
2025-05-03 20:55:34,tiny-hard,112,30.0,127,Yes,3.1818,0.03,16,0.09
2025-05-03 20:55:34,tiny-hard,113,23.0,148,Yes,3.1794,0.03,16,0.09
2025-05-03 20:55:34,tiny-hard,114,103.0,73,Yes,3.1725,0.03,23,0.15
2025-05-03 20:55:34,tiny-hard,115,164.0,31,Yes,3.1721,0.03,23,0.13
2025-05-03 20:55:34,tiny-hard,116,85.0,91,Yes,3.1696,0.03,16,0.09
2025-05-03 20:55:35,tiny-hard,117,155.0,33,Yes,3.1659,0.03,2,0.12
2025-05-03 20:55:35,tiny-hard,118,30.0,130,Yes,3.1637,0.03,10,0.11
2025-05-03 20:55:35,tiny-hard,119,136.0,44,Yes,3.1633,0.03,10,0.14
2025-05-03 20:55:35,tiny-hard,120,28.0,125,Yes,3.1585,0.03,2,0.09
2025-05-03 20:55:35,tiny-hard,121,60.0,108,Yes,3.1618,0.03,16,0.14
2025-05-03 20:55:36,tiny-hard,122,101.0,75,Yes,3.1619,0.03,9,0.08
2025-05-03 20:55:36,tiny-hard,123,106.0,72,Yes,3.1653,0.03,23,0.14
2025-05-03 20:55:36,tiny-hard,124,123.0,70,Yes,3.1424,0.03,23,0.11
2025-05-03 20:55:36,tiny-hard,125,158.0,34,Yes,3.1412,0.03,23,0.21
2025-05-03 20:55:36,tiny-hard,126,131.0,55,Yes,3.149,0.03,16,0.15
2025-05-03 20:55:36,tiny-hard,127,108.0,72,Yes,3.1425,0.03,23,0.14
2025-05-03 20:55:36,tiny-hard,128,116.0,72,Yes,3.1273,0.03,23,0.15
2025-05-03 20:55:37,tiny-hard,129,83.0,90,Yes,3.1353,0.03,23,0.14
2025-05-03 20:55:37,tiny-hard,130,70.0,107,Yes,3.1268,0.03,16,0.16
2025-05-03 20:55:37,tiny-hard,131,21.0,145,Yes,3.1462,0.03,23,0.14
2025-05-03 20:55:37,tiny-hard,132,151.0,39,Yes,3.145,0.03,23,0.21
2025-05-03 20:55:38,tiny-hard,133,84.0,83,Yes,3.1468,0.03,16,0.11
2025-05-03 20:55:38,tiny-hard,134,83.0,100,Yes,3.1305,0.03,23,0.15
2025-05-03 20:55:38,tiny-hard,135,76.0,99,Yes,3.1491,0.03,3,0.11
2025-05-03 20:55:38,tiny-hard,136,148.0,37,Yes,3.1387,0.03,16,0.14
2025-05-03 20:55:38,tiny-hard,137,94.0,84,Yes,3.151,0.03,2,0.08
2025-05-03 20:55:38,tiny-hard,138,149.0,41,Yes,3.1177,0.03,23,0.22
2025-05-03 20:55:38,tiny-hard,139,122.0,63,Yes,3.1149,0.03,16,0.16
2025-05-03 20:55:39,tiny-hard,140,-79.0,215,Yes,3.1372,0.03,23,0.12
2025-05-03 20:55:39,tiny-hard,141,155.0,35,Yes,3.1358,0.03,23,0.14
2025-05-03 20:55:39,tiny-hard,142,55.0,123,Yes,3.118,0.03,23,0.16
2025-05-03 20:55:39,tiny-hard,143,139.0,41,Yes,3.1212,0.03,2,0.12
2025-05-03 20:55:39,tiny-hard,144,165.0,27,Yes,3.1035,0.03,2,0.19
2025-05-03 20:55:40,tiny-hard,145,132.0,52,Yes,3.1107,0.03,23,0.13
2025-05-03 20:55:40,tiny-hard,146,50.0,119,Yes,3.1158,0.03,23,0.13
2025-05-03 20:55:40,tiny-hard,147,120.0,56,Yes,3.1123,0.03,6,0.11
2025-05-03 20:55:40,tiny-hard,148,104.0,74,Yes,3.1252,0.03,23,0.12
2025-05-03 20:55:40,tiny-hard,149,76.0,97,Yes,3.1264,0.03,23,0.13
2025-05-03 20:55:40,tiny-hard,150,148.0,41,Yes,3.1049,0.03,2,0.15
2025-05-03 20:55:41,tiny-hard,151,123.0,65,Yes,3.0821,0.03,23,0.14
2025-05-03 20:55:41,tiny-hard,152,134.0,52,Yes,3.0945,0.03,16,0.19
2025-05-03 20:55:41,tiny-hard,153,118.0,63,Yes,3.1,0.03,23,0.11
2025-05-03 20:55:41,tiny-hard,154,151.0,41,Yes,3.0824,0.03,23,0.15
2025-05-03 20:55:41,tiny-hard,155,42.0,123,Yes,3.0934,0.03,23,0.13
2025-05-03 20:55:42,tiny-hard,156,-8.0,174,Yes,3.1072,0.03,23,0.16
2025-05-03 20:55:42,tiny-hard,157,1.0,158,Yes,3.0938,0.03,23,0.16
2025-05-03 20:55:42,tiny-hard,158,143.0,45,Yes,3.1165,0.03,23,0.16
2025-05-03 20:55:42,tiny-hard,159,156.0,35,Yes,3.0883,0.03,6,0.11
2025-05-03 20:55:42,tiny-hard,160,96.0,84,Yes,3.1018,0.03,23,0.15
2025-05-03 20:55:42,tiny-hard,161,109.0,71,Yes,3.1155,0.03,2,0.11
2025-05-03 20:55:43,tiny-hard,162,132.0,52,Yes,3.1148,0.03,2,0.12
2025-05-03 20:55:43,tiny-hard,163,137.0,50,Yes,3.1128,0.03,23,0.2
2025-05-03 20:55:43,tiny-hard,164,93.0,87,Yes,3.0749,0.03,23,0.2
2025-05-03 20:55:43,tiny-hard,165,140.0,49,Yes,3.0855,0.03,16,0.2
2025-05-03 20:55:43,tiny-hard,166,101.0,76,Yes,3.0856,0.03,23,0.12
2025-05-03 20:55:43,tiny-hard,167,124.0,60,Yes,3.1033,0.03,23,0.18
2025-05-03 20:55:43,tiny-hard,168,129.0,55,Yes,3.076,0.03,23,0.18
2025-05-03 20:55:44,tiny-hard,169,145.0,40,Yes,3.0741,0.03,2,0.15
2025-05-03 20:55:44,tiny-hard,170,43.0,118,Yes,3.0648,0.03,16,0.13
2025-05-03 20:55:44,tiny-hard,171,110.0,67,Yes,3.0654,0.03,6,0.09
2025-05-03 20:55:44,tiny-hard,172,80.0,96,Yes,3.0773,0.03,23,0.12
2025-05-03 20:55:44,tiny-hard,173,106.0,81,Yes,3.0675,0.03,16,0.17
2025-05-03 20:55:45,tiny-hard,174,111.0,71,Yes,3.0687,0.03,23,0.17
2025-05-03 20:55:45,tiny-hard,175,94.0,88,Yes,3.0938,0.03,23,0.12
2025-05-03 20:55:45,tiny-hard,176,7.0,151,Yes,3.0998,0.03,16,0.11
2025-05-03 20:55:45,tiny-hard,177,151.0,38,Yes,3.1016,0.03,16,0.18
2025-05-03 20:55:45,tiny-hard,178,80.0,98,Yes,3.1054,0.03,16,0.11
2025-05-03 20:55:46,tiny-hard,179,-58.0,193,Yes,3.1014,0.03,23,0.1
2025-05-03 20:55:46,tiny-hard,180,146.0,40,Yes,3.1248,0.03,16,0.12
2025-05-03 20:55:46,tiny-hard,181,90.0,89,Yes,3.1277,0.03,16,0.13
2025-05-03 20:55:46,tiny-hard,182,106.0,67,Yes,3.1131,0.03,16,0.12
2025-05-03 20:55:46,tiny-hard,183,137.0,48,Yes,3.0961,0.03,23,0.17
2025-05-03 20:55:46,tiny-hard,184,180.0,15,Yes,3.1339,0.03,23,0.2
2025-05-03 20:55:47,tiny-hard,185,48.0,115,Yes,3.123,0.03,23,0.14
2025-05-03 20:55:47,tiny-hard,186,104.0,76,Yes,3.1176,0.03,23,0.2
2025-05-03 20:55:47,tiny-hard,187,123.0,59,Yes,3.1136,0.03,16,0.2
2025-05-03 20:55:47,tiny-hard,188,153.0,34,Yes,3.1135,0.03,2,0.18
2025-05-03 20:55:47,tiny-hard,189,141.0,46,Yes,3.0931,0.03,23,0.15
2025-05-03 20:55:48,tiny-hard,190,-88.0,225,Yes,3.1331,0.03,23,0.11
2025-05-03 20:55:48,tiny-hard,191,-52.0,204,Yes,3.1273,0.03,2,0.1
2025-05-03 20:55:48,tiny-hard,192,91.0,83,Yes,3.1224,0.03,2,0.11
2025-05-03 20:55:48,tiny-hard,193,159.0,32,Yes,3.1201,0.03,2,0.22
2025-05-03 20:55:49,tiny-hard,194,74.0,97,Yes,3.1388,0.03,16,0.12
2025-05-03 20:55:49,tiny-hard,195,84.0,91,Yes,3.1303,0.03,2,0.13
2025-05-03 20:55:49,tiny-hard,196,146.0,40,Yes,3.1128,0.03,23,0.18
2025-05-03 20:55:49,tiny-hard,197,164.0,25,Yes,3.0885,0.03,23,0.16
2025-05-03 20:55:49,tiny-hard,198,121.0,63,Yes,3.1146,0.03,23,0.16
2025-05-03 20:55:49,tiny-hard,199,177.0,17,Yes,3.0975,0.03,2,0.18
2025-05-03 20:55:49,tiny-hard,200,154.0,34,Yes,3.0719,0.03,16,0.15
2025-05-03 20:55:49,tiny-hard,201,158.0,33,Yes,3.0892,0.03,15,0.09
2025-05-03 20:55:50,tiny-hard,202,113.0,72,Yes,3.1082,0.03,16,0.14
2025-05-03 20:55:50,tiny-hard,203,60.0,98,Yes,3.0236,0.03,16,0.17
2025-05-03 20:55:50,tiny-hard,204,162.0,31,Yes,3.08,0.03,2,0.1
2025-05-03 20:55:50,tiny-hard,205,111.0,67,Yes,3.0968,0.03,16,0.15
2025-05-03 20:55:50,tiny-hard,206,83.0,84,Yes,3.0993,0.03,23,0.11
2025-05-03 20:55:50,tiny-hard,207,156.0,30,Yes,3.0842,0.03,13,0.17
2025-05-03 20:55:50,tiny-hard,208,128.0,53,Yes,3.0885,0.03,23,0.13
2025-05-03 20:55:51,tiny-hard,209,93.0,82,Yes,3.0956,0.03,19,0.09
2025-05-03 20:55:51,tiny-hard,210,153.0,33,Yes,3.0975,0.03,16,0.21
2025-05-03 20:55:51,tiny-hard,211,52.0,111,Yes,3.0768,0.03,16,0.11
2025-05-03 20:55:51,tiny-hard,212,132.0,51,Yes,3.0842,0.03,23,0.16
2025-05-03 20:55:51,tiny-hard,213,142.0,44,Yes,3.0886,0.03,6,0.14
2025-05-03 20:55:51,tiny-hard,214,89.0,80,Yes,3.0801,0.03,2,0.15
2025-05-03 20:55:51,tiny-hard,215,165.0,29,Yes,3.0918,0.03,23,0.17
2025-05-03 20:55:52,tiny-hard,216,30.0,129,Yes,3.0866,0.03,2,0.1
2025-05-03 20:55:52,tiny-hard,217,105.0,72,Yes,3.0819,0.03,2,0.11
2025-05-03 20:55:52,tiny-hard,218,87.0,89,Yes,3.085,0.03,16,0.12
2025-05-03 20:55:52,tiny-hard,219,92.0,85,Yes,3.0769,0.03,23,0.18
2025-05-03 20:55:52,tiny-hard,220,98.0,80,Yes,3.0848,0.03,23,0.11
2025-05-03 20:55:52,tiny-hard,221,145.0,46,Yes,3.084,0.03,6,0.13
2025-05-03 20:55:53,tiny-hard,222,41.0,115,Yes,3.088,0.03,2,0.07
2025-05-03 20:55:53,tiny-hard,223,159.0,31,Yes,3.0837,0.03,2,0.16
2025-05-03 20:55:53,tiny-hard,224,-2.0,148,Yes,3.083,0.03,2,0.12
2025-05-03 20:55:53,tiny-hard,225,54.0,103,Yes,3.1024,0.03,2,0.17
2025-05-03 20:55:53,tiny-hard,226,159.0,31,Yes,3.0897,0.03,23,0.16
2025-05-03 20:55:53,tiny-hard,227,151.0,33,Yes,3.0715,0.03,23,0.21
2025-05-03 20:55:54,tiny-hard,228,36.0,129,Yes,3.083,0.03,23,0.13
2025-05-03 20:55:54,tiny-hard,229,73.0,102,Yes,3.1137,0.03,23,0.15
2025-05-03 20:55:54,tiny-hard,230,133.0,52,Yes,3.1006,0.03,6,0.12
2025-05-03 20:55:54,tiny-hard,231,94.0,85,Yes,3.0787,0.03,2,0.11
2025-05-03 20:55:54,tiny-hard,232,91.0,88,Yes,3.0768,0.03,2,0.23
2025-05-03 20:55:55,tiny-hard,233,115.0,65,Yes,3.0478,0.03,23,0.15
2025-05-03 20:55:55,tiny-hard,234,149.0,41,Yes,3.0841,0.03,2,0.15
2025-05-03 20:55:55,tiny-hard,235,96.0,73,Yes,2.9987,0.03,23,0.14
2025-05-03 20:55:55,tiny-hard,236,74.0,102,Yes,3.0585,0.03,2,0.14
2025-05-03 20:55:55,tiny-hard,237,117.0,55,Yes,3.0133,0.03,2,0.13
2025-05-03 20:55:55,tiny-hard,238,98.0,76,Yes,3.0552,0.03,23,0.17
2025-05-03 20:55:56,tiny-hard,239,123.0,59,Yes,3.0355,0.03,23,0.14
2025-05-03 20:55:56,tiny-hard,240,165.0,26,Yes,3.0063,0.03,23,0.19
2025-05-03 20:55:56,tiny-hard,241,96.0,82,Yes,3.0208,0.03,2,0.2
2025-05-03 20:55:56,tiny-hard,242,68.0,96,Yes,3.0507,0.03,2,0.11
2025-05-03 20:55:56,tiny-hard,243,130.0,51,Yes,3.0376,0.03,23,0.2
2025-05-03 20:55:56,tiny-hard,244,128.0,55,Yes,3.0239,0.03,2,0.15
2025-05-03 20:55:56,tiny-hard,245,131.0,54,Yes,2.9339,0.03,2,0.13
2025-05-03 20:55:56,tiny-hard,246,116.0,67,Yes,2.9443,0.03,23,0.12
2025-05-03 20:55:57,tiny-hard,247,169.0,26,Yes,2.8777,0.03,23,0.19
2025-05-03 20:55:57,tiny-hard,248,113.0,71,Yes,2.9239,0.03,23,0.15
2025-05-03 20:55:57,tiny-hard,249,59.0,105,Yes,2.8997,0.03,23,0.17
2025-05-03 20:55:57,tiny-hard,250,120.0,68,Yes,2.9274,0.03,23,0.16
2025-05-03 20:55:57,tiny-hard,251,155.0,37,Yes,2.9063,0.03,2,0.22
2025-05-03 20:55:57,tiny-hard,252,122.0,63,Yes,2.9182,0.03,23,0.19
2025-05-03 20:55:57,tiny-hard,253,97.0,82,Yes,2.9029,0.03,2,0.2
2025-05-03 20:55:58,tiny-hard,254,139.0,46,Yes,2.9005,0.03,2,0.17
2025-05-03 20:55:58,tiny-hard,255,93.0,91,Yes,2.8995,0.03,2,0.21
2025-05-03 20:55:58,tiny-hard,256,121.0,57,Yes,2.9068,0.03,23,0.14
2025-05-03 20:55:58,tiny-hard,257,154.0,34,Yes,2.9089,0.03,23,0.15
2025-05-03 20:55:58,tiny-hard,258,169.0,22,Yes,2.8842,0.03,23,0.18
2025-05-03 20:55:58,tiny-hard,259,87.0,94,Yes,2.9059,0.03,2,0.19
2025-05-03 20:55:58,tiny-hard,260,129.0,52,Yes,2.8665,0.03,23,0.17
2025-05-03 20:55:58,tiny-hard,261,142.0,35,Yes,2.8791,0.03,4,0.17
2025-05-03 20:55:59,tiny-hard,262,117.0,54,Yes,2.8586,0.03,2,0.15
2025-05-03 20:55:59,tiny-hard,263,152.0,37,Yes,2.8686,0.03,2,0.19
2025-05-03 20:55:59,tiny-hard,264,158.0,33,Yes,2.7914,0.03,2,0.3
2025-05-03 20:55:59,tiny-hard,265,146.0,42,Yes,2.8227,0.03,2,0.17
2025-05-03 20:55:59,tiny-hard,266,142.0,44,Yes,2.814,0.03,2,0.2
2025-05-03 20:55:59,tiny-hard,267,174.0,16,Yes,2.784,0.03,6,0.25
2025-05-03 20:55:59,tiny-hard,268,178.0,18,Yes,2.8041,0.03,23,0.28
2025-05-03 20:55:59,tiny-hard,269,178.0,16,Yes,2.8019,0.03,2,0.25
2025-05-03 20:55:59,tiny-hard,270,135.0,48,Yes,2.7754,0.03,2,0.23
2025-05-03 20:55:59,tiny-hard,271,137.0,43,Yes,2.7992,0.03,2,0.19
2025-05-03 20:55:59,tiny-hard,272,134.0,45,Yes,2.7401,0.03,2,0.18
2025-05-03 20:55:59,tiny-hard,273,147.0,43,Yes,2.7307,0.03,2,0.33
2025-05-03 20:56:00,tiny-hard,274,161.0,24,Yes,2.7222,0.03,16,0.21
2025-05-03 20:56:00,tiny-hard,275,127.0,51,Yes,2.7473,0.03,2,0.24
2025-05-03 20:56:00,tiny-hard,276,134.0,50,Yes,2.702,0.03,2,0.2
2025-05-03 20:56:00,tiny-hard,277,169.0,24,Yes,2.6614,0.03,23,0.38
2025-05-03 20:56:00,tiny-hard,278,157.0,36,Yes,2.7028,0.03,2,0.28
2025-05-03 20:56:00,tiny-hard,279,160.0,34,Yes,2.6904,0.03,2,0.35
2025-05-03 20:56:00,tiny-hard,280,169.0,24,Yes,2.6642,0.03,23,0.25
2025-05-03 20:56:00,tiny-hard,281,157.0,35,Yes,2.6771,0.03,2,0.34
2025-05-03 20:56:00,tiny-hard,282,142.0,43,Yes,2.6463,0.03,23,0.16
2025-05-03 20:56:00,tiny-hard,283,147.0,35,Yes,2.6569,0.03,2,0.17
2025-05-03 20:56:00,tiny-hard,284,160.0,26,Yes,2.6272,0.03,16,0.19
2025-05-03 20:56:00,tiny-hard,285,100.0,79,Yes,2.6415,0.03,2,0.23
2025-05-03 20:56:01,tiny-hard,286,172.0,22,Yes,2.6148,0.03,23,0.27
2025-05-03 20:56:01,tiny-hard,287,172.0,23,Yes,2.6011,0.03,2,0.26
2025-05-03 20:56:01,tiny-hard,288,124.0,64,Yes,2.6281,0.03,2,0.31
2025-05-03 20:56:01,tiny-hard,289,146.0,41,Yes,2.576,0.03,2,0.2
2025-05-03 20:56:01,tiny-hard,290,163.0,26,Yes,2.611,0.03,23,0.19
2025-05-03 20:56:01,tiny-hard,291,153.0,40,Yes,2.6228,0.03,23,0.22
2025-05-03 20:56:01,tiny-hard,292,148.0,40,Yes,2.5968,0.03,2,0.18
2025-05-03 20:56:01,tiny-hard,293,109.0,67,Yes,2.6286,0.03,2,0.27
2025-05-03 20:56:02,tiny-hard,294,153.0,34,Yes,2.618,0.03,2,0.26
2025-05-03 20:56:02,tiny-hard,295,67.0,111,Yes,2.623,0.03,2,0.31
2025-05-03 20:56:02,tiny-hard,296,156.0,31,Yes,2.6338,0.03,23,0.23
2025-05-03 20:56:02,tiny-hard,297,154.0,33,Yes,2.6331,0.03,2,0.21
2025-05-03 20:56:02,tiny-hard,298,124.0,56,Yes,2.633,0.03,2,0.23
2025-05-03 20:56:02,tiny-hard,299,131.0,56,Yes,2.6333,0.03,23,0.27
2025-05-03 20:56:02,tiny-hard,300,154.0,32,Yes,2.5947,0.03,2,0.28
2025-05-03 20:56:03,tiny-hard,301,137.0,51,Yes,2.6536,0.03,23,0.25
2025-05-03 20:56:03,tiny-hard,302,151.0,34,Yes,2.6265,0.03,16,0.21
2025-05-03 20:56:03,tiny-hard,303,151.0,37,Yes,2.6616,0.03,23,0.19
2025-05-03 20:56:03,tiny-hard,304,138.0,45,Yes,2.6142,0.03,2,0.2
2025-05-03 20:56:03,tiny-hard,305,172.0,20,Yes,2.65,0.03,2,0.15
2025-05-03 20:56:03,tiny-hard,306,159.0,25,Yes,2.6285,0.03,13,0.24
2025-05-03 20:56:03,tiny-hard,307,155.0,33,Yes,2.6538,0.03,2,0.21
2025-05-03 20:56:03,tiny-hard,308,179.0,15,Yes,2.6299,0.03,2,0.2
2025-05-03 20:56:03,tiny-hard,309,174.0,20,Yes,2.6268,0.03,2,0.2
2025-05-03 20:56:03,tiny-hard,310,167.0,21,Yes,2.6445,0.03,2,0.29
2025-05-03 20:56:03,tiny-hard,311,168.0,25,Yes,2.6388,0.03,16,0.2
2025-05-03 20:56:03,tiny-hard,312,159.0,26,Yes,2.6447,0.03,6,0.23
2025-05-03 20:56:03,tiny-hard,313,148.0,38,Yes,2.6408,0.03,2,0.18
2025-05-03 20:56:03,tiny-hard,314,162.0,27,Yes,2.5781,0.03,16,0.19
2025-05-03 20:56:04,tiny-hard,315,166.0,27,Yes,2.5824,0.03,2,0.26
2025-05-03 20:56:04,tiny-hard,316,156.0,31,Yes,2.5865,0.03,23,0.23
2025-05-03 20:56:04,tiny-hard,317,146.0,39,Yes,2.5958,0.03,23,0.26
2025-05-03 20:56:04,tiny-hard,318,139.0,47,Yes,2.5847,0.03,23,0.32
2025-05-03 20:56:04,tiny-hard,319,144.0,41,Yes,2.601,0.03,2,0.22
2025-05-03 20:56:04,tiny-hard,320,168.0,27,Yes,2.566,0.03,23,0.26
2025-05-03 20:56:04,tiny-hard,321,173.0,17,Yes,2.5764,0.03,2,0.24
2025-05-03 20:56:04,tiny-hard,322,140.0,46,Yes,2.5828,0.03,2,0.2
2025-05-03 20:56:04,tiny-hard,323,141.0,38,Yes,2.5887,0.03,16,0.21
2025-05-03 20:56:04,tiny-hard,324,178.0,18,Yes,2.5779,0.03,16,0.28
2025-05-03 20:56:04,tiny-hard,325,160.0,31,Yes,2.584,0.03,23,0.32
2025-05-03 20:56:04,tiny-hard,326,154.0,32,Yes,2.5664,0.03,23,0.25
2025-05-03 20:56:04,tiny-hard,327,136.0,46,Yes,2.5751,0.03,2,0.22
2025-05-03 20:56:05,tiny-hard,328,122.0,59,Yes,2.5572,0.03,23,0.36
2025-05-03 20:56:05,tiny-hard,329,173.0,20,Yes,2.5531,0.03,23,0.45
2025-05-03 20:56:05,tiny-hard,330,176.0,15,Yes,2.5491,0.03,6,0.2
2025-05-03 20:56:05,tiny-hard,331,134.0,49,Yes,2.5589,0.03,2,0.24
2025-05-03 20:56:05,tiny-hard,332,137.0,49,Yes,2.5547,0.03,16,0.2
2025-05-03 20:56:05,tiny-hard,333,178.0,17,Yes,2.5337,0.03,2,0.24
2025-05-03 20:56:05,tiny-hard,334,159.0,26,Yes,2.5352,0.03,6,0.23
2025-05-03 20:56:05,tiny-hard,335,114.0,64,Yes,2.527,0.03,23,0.28
2025-05-03 20:56:05,tiny-hard,336,141.0,49,Yes,2.5121,0.03,23,0.24
2025-05-03 20:56:05,tiny-hard,337,158.0,31,Yes,2.5004,0.03,23,0.29
2025-05-03 20:56:05,tiny-hard,338,174.0,19,Yes,2.4976,0.03,2,0.37
2025-05-03 20:56:06,tiny-hard,339,126.0,61,Yes,2.5256,0.03,23,0.31
2025-05-03 20:56:06,tiny-hard,340,168.0,25,Yes,2.5179,0.03,2,0.2
2025-05-03 20:56:06,tiny-hard,341,178.0,18,Yes,2.4902,0.03,16,0.28
2025-05-03 20:56:06,tiny-hard,342,111.0,60,Yes,2.5087,0.03,2,0.23
2025-05-03 20:56:06,tiny-hard,343,177.0,20,Yes,2.5053,0.03,2,0.35
2025-05-03 20:56:06,tiny-hard,344,177.0,18,Yes,2.4707,0.03,2,0.22
2025-05-03 20:56:06,tiny-hard,345,148.0,37,Yes,2.4868,0.03,2,0.16
2025-05-03 20:56:06,tiny-hard,346,158.0,30,Yes,2.4902,0.03,16,0.2
2025-05-03 20:56:06,tiny-hard,347,182.0,11,Yes,2.4754,0.03,6,0.27
2025-05-03 20:56:06,tiny-hard,348,173.0,17,Yes,2.481,0.03,6,0.35
2025-05-03 20:56:06,tiny-hard,349,169.0,25,Yes,2.4874,0.03,23,0.32
2025-05-03 20:56:06,tiny-hard,350,165.0,28,Yes,2.497,0.03,23,0.25
2025-05-03 20:56:06,tiny-hard,351,165.0,25,Yes,2.4871,0.03,23,0.32
2025-05-03 20:56:06,tiny-hard,352,165.0,25,Yes,2.4788,0.03,2,0.32
2025-05-03 20:56:06,tiny-hard,353,154.0,33,Yes,2.4907,0.03,2,0.24
2025-05-03 20:56:07,tiny-hard,354,134.0,46,Yes,2.4821,0.03,2,0.24
2025-05-03 20:56:07,tiny-hard,355,170.0,21,Yes,2.4909,0.03,16,0.24
2025-05-03 20:56:07,tiny-hard,356,180.0,15,Yes,2.4712,0.03,2,0.2
2025-05-03 20:56:07,tiny-hard,357,184.0,11,Yes,2.4739,0.03,2,0.27
2025-05-03 20:56:07,tiny-hard,358,158.0,26,Yes,2.4694,0.03,2,0.27
2025-05-03 20:56:07,tiny-hard,359,170.0,21,Yes,2.4614,0.03,23,0.33
2025-05-03 20:56:07,tiny-hard,360,160.0,29,Yes,2.469,0.03,6,0.17
2025-05-03 20:56:07,tiny-hard,361,157.0,27,Yes,2.448,0.03,13,0.22
2025-05-03 20:56:07,tiny-hard,362,152.0,33,Yes,2.4358,0.03,23,0.27
2025-05-03 20:56:07,tiny-hard,363,159.0,24,Yes,2.4532,0.03,6,0.25
2025-05-03 20:56:07,tiny-hard,364,129.0,56,Yes,2.4452,0.03,2,0.2
2025-05-03 20:56:07,tiny-hard,365,165.0,26,Yes,2.4156,0.03,2,0.27
2025-05-03 20:56:07,tiny-hard,366,154.0,32,Yes,2.4198,0.03,23,0.38
2025-05-03 20:56:07,tiny-hard,367,174.0,18,Yes,2.4219,0.03,2,0.28
2025-05-03 20:56:07,tiny-hard,368,187.0,10,Yes,2.4221,0.03,2,0.4
2025-05-03 20:56:07,tiny-hard,369,167.0,28,Yes,2.4321,0.03,2,0.32
2025-05-03 20:56:08,tiny-hard,370,134.0,45,Yes,2.4316,0.03,2,0.2
2025-05-03 20:56:08,tiny-hard,371,147.0,37,Yes,2.4412,0.03,2,0.19
2025-05-03 20:56:08,tiny-hard,372,171.0,19,Yes,2.4172,0.03,16,0.16
2025-05-03 20:56:08,tiny-hard,373,153.0,36,Yes,2.4357,0.03,2,0.31
2025-05-03 20:56:08,tiny-hard,374,170.0,20,Yes,2.4268,0.03,6,0.2
2025-05-03 20:56:08,tiny-hard,375,157.0,31,Yes,2.442,0.03,2,0.26
2025-05-03 20:56:08,tiny-hard,376,182.0,12,Yes,2.4331,0.03,2,0.33
2025-05-03 20:56:08,tiny-hard,377,143.0,43,Yes,2.4341,0.03,2,0.28
2025-05-03 20:56:08,tiny-hard,378,177.0,16,Yes,2.4317,0.03,23,0.25
2025-05-03 20:56:08,tiny-hard,379,170.0,23,Yes,2.4222,0.03,23,0.35
2025-05-03 20:56:08,tiny-hard,380,160.0,30,Yes,2.427,0.03,23,0.27
2025-05-03 20:56:08,tiny-hard,381,158.0,31,Yes,2.4299,0.03,2,0.23
2025-05-03 20:56:08,tiny-hard,382,153.0,32,Yes,2.4128,0.03,23,0.19
2025-05-03 20:56:08,tiny-hard,383,162.0,27,Yes,2.3868,0.03,23,0.37
2025-05-03 20:56:09,tiny-hard,384,176.0,20,Yes,2.3988,0.03,23,0.35
2025-05-03 20:56:09,tiny-hard,385,160.0,29,Yes,2.3918,0.03,23,0.24
2025-05-03 20:56:09,tiny-hard,386,171.0,19,Yes,2.3801,0.03,2,0.26
2025-05-03 20:56:09,tiny-hard,387,159.0,31,Yes,2.3752,0.03,16,0.16
2025-05-03 20:56:09,tiny-hard,388,125.0,57,Yes,2.3779,0.03,23,0.21
2025-05-03 20:56:09,tiny-hard,389,187.0,9,Yes,2.344,0.03,23,0.33
2025-05-03 20:56:09,tiny-hard,390,161.0,25,Yes,2.3641,0.03,6,0.32
2025-05-03 20:56:09,tiny-hard,391,179.0,13,Yes,2.3015,0.03,13,0.23
2025-05-03 20:56:09,tiny-hard,392,181.0,13,Yes,2.335,0.03,6,0.31
2025-05-03 20:56:09,tiny-hard,393,171.0,19,Yes,2.3343,0.03,16,0.21
2025-05-03 20:56:09,tiny-hard,394,157.0,33,Yes,2.3251,0.03,6,0.18
2025-05-03 20:56:09,tiny-hard,395,161.0,26,Yes,2.3038,0.03,2,0.31
2025-05-03 20:56:09,tiny-hard,396,148.0,38,Yes,2.3235,0.03,23,0.26
2025-05-03 20:56:09,tiny-hard,397,166.0,24,Yes,2.292,0.03,23,0.25
2025-05-03 20:56:09,tiny-hard,398,158.0,27,Yes,2.3335,0.03,6,0.41
2025-05-03 20:56:09,tiny-hard,399,157.0,26,Yes,2.3064,0.03,6,0.31
2025-05-03 20:56:09,tiny-hard,400,172.0,19,Yes,2.2852,0.03,23,0.32
2025-05-03 20:56:10,tiny-hard,401,177.0,15,Yes,2.2762,0.03,23,0.33
2025-05-03 20:56:10,tiny-hard,402,164.0,27,Yes,2.2995,0.03,23,0.3
2025-05-03 20:56:10,tiny-hard,403,176.0,16,Yes,2.2683,0.03,6,0.25
2025-05-03 20:56:10,tiny-hard,404,161.0,28,Yes,2.2171,0.03,23,0.29
2025-05-03 20:56:10,tiny-hard,405,152.0,35,Yes,2.2394,0.03,16,0.26
2025-05-03 20:56:10,tiny-hard,406,176.0,20,Yes,2.2853,0.03,2,0.25
2025-05-03 20:56:10,tiny-hard,407,151.0,34,Yes,2.2777,0.03,2,0.26
2025-05-03 20:56:10,tiny-hard,408,163.0,23,Yes,2.3184,0.03,6,0.26
2025-05-03 20:56:10,tiny-hard,409,168.0,20,Yes,2.3056,0.03,23,0.3
2025-05-03 20:56:10,tiny-hard,410,168.0,20,Yes,2.3175,0.03,2,0.2
2025-05-03 20:56:10,tiny-hard,411,187.0,9,Yes,2.3136,0.03,2,0.22
2025-05-03 20:56:10,tiny-hard,412,166.0,21,Yes,2.328,0.03,13,0.24
2025-05-03 20:56:10,tiny-hard,413,148.0,35,Yes,2.329,0.03,23,0.26
2025-05-03 20:56:11,tiny-hard,414,175.0,17,Yes,2.293,0.03,2,0.24
2025-05-03 20:56:11,tiny-hard,415,174.0,19,Yes,2.328,0.03,2,0.42
2025-05-03 20:56:11,tiny-hard,416,167.0,21,Yes,2.347,0.03,16,0.33
2025-05-03 20:56:11,tiny-hard,417,120.0,45,Yes,2.3836,0.03,13,0.27
2025-05-03 20:56:11,tiny-hard,418,148.0,36,Yes,2.3483,0.03,6,0.22
2025-05-03 20:56:11,tiny-hard,419,185.0,11,Yes,2.3423,0.03,2,0.18
2025-05-03 20:56:11,tiny-hard,420,173.0,20,Yes,2.3647,0.03,2,0.3
2025-05-03 20:56:11,tiny-hard,421,127.0,50,Yes,2.3891,0.03,16,0.2
2025-05-03 20:56:11,tiny-hard,422,165.0,26,Yes,2.3098,0.03,2,0.19
2025-05-03 20:56:11,tiny-hard,423,182.0,13,Yes,2.3221,0.03,2,0.31
2025-05-03 20:56:11,tiny-hard,424,145.0,40,Yes,2.3071,0.03,6,0.22
2025-05-03 20:56:11,tiny-hard,425,157.0,32,Yes,2.3933,0.03,2,0.25
2025-05-03 20:56:11,tiny-hard,426,171.0,20,Yes,2.3447,0.03,16,0.2
2025-05-03 20:56:11,tiny-hard,427,167.0,24,Yes,2.3318,0.03,2,0.33
2025-05-03 20:56:11,tiny-hard,428,172.0,20,Yes,2.1725,0.03,16,0.35
2025-05-03 20:56:12,tiny-hard,429,130.0,47,Yes,2.4052,0.03,6,0.17
2025-05-03 20:56:12,tiny-hard,430,142.0,44,Yes,2.3023,0.03,23,0.27
2025-05-03 20:56:12,tiny-hard,431,171.0,23,Yes,2.3626,0.03,2,0.35
2025-05-03 20:56:12,tiny-hard,432,182.0,13,Yes,2.3056,0.03,2,0.23
2025-05-03 20:56:12,tiny-hard,433,148.0,35,Yes,2.4174,0.03,6,0.17
2025-05-03 20:56:12,tiny-hard,434,169.0,23,Yes,2.3651,0.03,2,0.22
2025-05-03 20:56:12,tiny-hard,435,183.0,12,Yes,2.3461,0.03,6,0.25
2025-05-03 20:56:12,tiny-hard,436,183.0,13,Yes,2.3724,0.03,23,0.31
2025-05-03 20:56:12,tiny-hard,437,175.0,17,Yes,2.4277,0.03,6,0.35
2025-05-03 20:56:12,tiny-hard,438,131.0,54,Yes,2.4194,0.03,6,0.24
2025-05-03 20:56:12,tiny-hard,439,177.0,15,Yes,2.3555,0.03,6,0.27
2025-05-03 20:56:12,tiny-hard,440,171.0,22,Yes,2.3767,0.03,2,0.23
2025-05-03 20:56:12,tiny-hard,441,157.0,29,Yes,2.3482,0.03,23,0.38
2025-05-03 20:56:12,tiny-hard,442,139.0,44,Yes,2.3846,0.03,23,0.23
2025-05-03 20:56:12,tiny-hard,443,146.0,39,Yes,2.4313,0.03,23,0.21
2025-05-03 20:56:12,tiny-hard,444,167.0,22,Yes,2.3011,0.03,6,0.23
2025-05-03 20:56:13,tiny-hard,445,171.0,21,Yes,2.4185,0.03,2,0.24
2025-05-03 20:56:13,tiny-hard,446,144.0,44,Yes,2.4625,0.03,23,0.2
2025-05-03 20:56:13,tiny-hard,447,181.0,12,Yes,2.3018,0.03,6,0.25
2025-05-03 20:56:13,tiny-hard,448,171.0,20,Yes,2.4021,0.03,23,0.35
2025-05-03 20:56:13,tiny-hard,449,182.0,13,Yes,2.3082,0.03,2,0.31
2025-05-03 20:56:13,tiny-hard,450,175.0,21,Yes,2.4288,0.03,2,0.24
2025-05-03 20:56:13,tiny-hard,451,156.0,34,Yes,2.2837,0.03,16,0.26
2025-05-03 20:56:13,tiny-hard,452,178.0,16,Yes,2.4609,0.03,23,0.31
2025-05-03 20:56:13,tiny-hard,453,184.0,11,Yes,2.4354,0.03,2,0.18
2025-05-03 20:56:13,tiny-hard,454,171.0,20,Yes,2.2561,0.03,16,0.25
2025-05-03 20:56:13,tiny-hard,455,178.0,16,Yes,2.3144,0.03,2,0.25
2025-05-03 20:56:13,tiny-hard,456,180.0,14,Yes,2.3549,0.03,23,0.29
2025-05-03 20:56:13,tiny-hard,457,138.0,43,Yes,2.4444,0.03,2,0.19
2025-05-03 20:56:13,tiny-hard,458,176.0,19,Yes,2.2982,0.03,23,0.32
2025-05-03 20:56:13,tiny-hard,459,162.0,31,Yes,2.4169,0.03,2,0.26
2025-05-03 20:56:13,tiny-hard,460,187.0,9,Yes,2.3062,0.03,6,0.22
2025-05-03 20:56:13,tiny-hard,461,187.0,8,Yes,2.3683,0.03,13,0.25
2025-05-03 20:56:13,tiny-hard,462,154.0,27,Yes,2.4258,0.03,23,0.26
2025-05-03 20:56:13,tiny-hard,463,173.0,17,Yes,2.2122,0.03,23,0.41
2025-05-03 20:56:14,tiny-hard,464,139.0,42,Yes,2.3904,0.03,2,0.19
2025-05-03 20:56:14,tiny-hard,465,162.0,31,Yes,2.4031,0.03,2,0.32
2025-05-03 20:56:14,tiny-hard,466,175.0,22,Yes,2.1689,0.03,23,0.45
2025-05-03 20:56:14,tiny-hard,467,126.0,52,Yes,2.429,0.03,2,0.17
2025-05-03 20:56:14,tiny-hard,468,181.0,16,Yes,2.3114,0.03,2,0.25
2025-05-03 20:56:14,tiny-hard,469,169.0,23,Yes,2.2819,0.03,16,0.3
2025-05-03 20:56:14,tiny-hard,470,171.0,22,Yes,2.3582,0.03,16,0.23
2025-05-03 20:56:14,tiny-hard,471,148.0,36,Yes,2.3417,0.03,23,0.31
2025-05-03 20:56:14,tiny-hard,472,175.0,20,Yes,2.161,0.03,16,0.5
2025-05-03 20:56:14,tiny-hard,473,137.0,45,Yes,2.3962,0.03,23,0.22
2025-05-03 20:56:14,tiny-hard,474,177.0,15,Yes,2.3488,0.03,23,0.27
2025-05-03 20:56:14,tiny-hard,475,170.0,20,Yes,2.3763,0.03,2,0.2
2025-05-03 20:56:14,tiny-hard,476,132.0,46,Yes,2.3864,0.03,2,0.35
2025-05-03 20:56:14,tiny-hard,477,179.0,12,Yes,2.3594,0.03,13,0.25
2025-05-03 20:56:14,tiny-hard,478,157.0,30,Yes,2.2651,0.03,23,0.27
2025-05-03 20:56:15,tiny-hard,479,166.0,27,Yes,2.3553,0.03,23,0.3
2025-05-03 20:56:15,tiny-hard,480,153.0,32,Yes,2.3746,0.03,6,0.22
2025-05-03 20:56:15,tiny-hard,481,177.0,18,Yes,2.3595,0.03,2,0.33
2025-05-03 20:56:15,tiny-hard,482,177.0,15,Yes,2.3247,0.03,2,0.2
2025-05-03 20:56:15,tiny-hard,483,171.0,21,Yes,2.3716,0.03,2,0.29
2025-05-03 20:56:15,tiny-hard,484,143.0,38,Yes,2.3626,0.03,13,0.18
2025-05-03 20:56:15,tiny-hard,485,174.0,19,Yes,2.2285,0.03,23,0.42
2025-05-03 20:56:15,tiny-hard,486,178.0,14,Yes,2.3152,0.03,2,0.21
2025-05-03 20:56:15,tiny-hard,487,174.0,19,Yes,2.3514,0.03,2,0.37
2025-05-03 20:56:15,tiny-hard,488,163.0,29,Yes,2.3555,0.03,2,0.31
2025-05-03 20:56:15,tiny-hard,489,172.0,20,Yes,2.3508,0.03,16,0.25
2025-05-03 20:56:15,tiny-hard,490,184.0,11,Yes,2.3163,0.03,2,0.18
2025-05-03 20:56:15,tiny-hard,491,154.0,34,Yes,2.3165,0.03,2,0.26
2025-05-03 20:56:15,tiny-hard,492,163.0,25,Yes,2.2898,0.03,2,0.4
2025-05-03 20:56:15,tiny-hard,493,162.0,27,Yes,2.289,0.03,2,0.3
2025-05-03 20:56:15,tiny-hard,494,164.0,26,Yes,2.3452,0.03,2,0.19
2025-05-03 20:56:15,tiny-hard,495,178.0,15,Yes,2.2456,0.03,2,0.2
2025-05-03 20:56:16,tiny-hard,496,175.0,21,Yes,2.257,0.03,16,0.33
2025-05-03 20:56:16,tiny-hard,497,152.0,35,Yes,2.3191,0.03,2,0.23
2025-05-03 20:56:16,tiny-hard,498,177.0,17,Yes,2.2246,0.03,2,0.35
2025-05-03 20:56:16,tiny-hard,499,154.0,36,Yes,2.24,0.03,23,0.28
2025-05-03 20:56:16,tiny-hard,500,174.0,13,Yes,2.2219,0.03,13,0.38
